ML Model Name,Accuracy,AUC,Precision,Recall,F1,MCC
XGBoost (Ensemble),0.9873417721518988,0.9845430107526881,0.96875,1.0,0.9841269841269841,0.9739444072088167
Random Forest (Ensemble),0.9746835443037974,0.9852150537634409,0.967741935483871,0.967741935483871,0.967741935483871,0.9469086021505376
KNN,0.9367088607594937,0.9455645161290323,0.9642857142857143,0.8709677419354839,0.9152542372881356,0.8678106112049866
Decision Tree,0.9113924050632911,0.8985215053763441,0.9285714285714286,0.8387096774193549,0.8813559322033898,0.8136153240230151
Logistic Regression,0.8481012658227848,0.9368279569892473,0.7714285714285715,0.8709677419354839,0.8181818181818182,0.69230816972736
Naive Bayes (Gaussian),0.810126582278481,0.8393817204301075,0.7222222222222222,0.8387096774193549,0.7761194029850746,0.6180390191309957
